HEU X,HEU Y,HEU Z
empty,,
detector location: NE
time bin upper bound,flux mean,flux RE
0.1,3.63481265967e-07,0.000105820409048
0.101,3.09523467262e-12,0.0327192023809
0.102,1.034261794e-21,0.97942356332
0.103,6.65874420312e-34,0.728434446988
0.104,0.0,0.0
0.105,0.0,0.0
0.106,0.0,0.0
0.107,0.0,0.0
0.108,0.0,0.0
0.109,0.0,0.0
0.11,0.0,0.0
detector location: NW
time bin upper bound,flux mean,flux RE
0.1,5.03396216715e-07,8.9357392662e-05
0.101,3.68087241407e-12,0.030104779943
0.102,1.01157123852e-22,0.792917370611
0.103,1.59293976032e-35,1.0
0.104,0.0,0.0
0.105,0.0,0.0
0.106,0.0,0.0
0.107,0.0,0.0
0.108,0.0,0.0
0.109,0.0,0.0
0.11,0.0,0.0
detector location: CC
time bin upper bound,flux mean,flux RE
0.1,1.0624333549e-06,6.1270281171e-05
0.101,9.08444621592e-12,0.0185106746073
0.102,5.04735455425e-22,0.969632136017
0.103,5.17050190241e-33,0.96752319274
0.104,0.0,0.0
0.105,0.0,0.0
0.106,0.0,0.0
0.107,0.0,0.0
0.108,0.0,0.0
0.109,0.0,0.0
0.11,0.0,0.0
detector location: SE
time bin upper bound,flux mean,flux RE
0.1,5.03335211421e-07,8.93654738831e-05
0.101,3.76136863994e-12,0.029613382554
0.102,1.00694966184e-23,0.36989377158
0.103,0.0,0.0
0.104,0.0,0.0
0.105,0.0,0.0
0.106,0.0,0.0
0.107,0.0,0.0
0.108,0.0,0.0
0.109,0.0,0.0
0.11,0.0,0.0
detector location: SW
time bin upper bound,flux mean,flux RE
0.1,6.07516123232e-07,8.11775067683e-05
0.101,4.19177678491e-12,0.0278963984227
0.102,9.69871342456e-24,0.747483369761
0.103,1.23421083403e-28,0.981728967519
0.104,0.0,0.0
0.105,0.0,0.0
0.106,0.0,0.0
0.107,0.0,0.0
0.108,0.0,0.0
0.109,0.0,0.0
0.11,0.0,0.0
