HEU X,HEU Y,HEU Z
empty,,
detector location: NE
time bin upper bound,flux mean,flux RE
0.1,3.63487518894e-07,0.000163948365217
0.101,2.9674425832e-12,0.051596168629
0.102,2.43747437861e-21,0.99733641677
0.103,6.01321349731e-34,1.0
0.104,0.0,0.0
0.105,0.0,0.0
0.106,0.0,0.0
0.107,0.0,0.0
0.108,0.0,0.0
0.109,0.0,0.0
0.11,0.0,0.0
detector location: NW
time bin upper bound,flux mean,flux RE
0.1,5.03377754507e-07,0.000138434299364
0.101,3.65553419948e-12,0.0471261247104
0.102,1.89566594064e-22,0.984330149576
0.103,3.82305542476e-35,1.0
0.104,0.0,0.0
0.105,0.0,0.0
0.106,0.0,0.0
0.107,0.0,0.0
0.108,0.0,0.0
0.109,0.0,0.0
0.11,0.0,0.0
detector location: CC
time bin upper bound,flux mean,flux RE
0.1,1.06236329242e-06,9.49221775901e-05
0.101,9.07531414258e-12,0.0287136593545
0.102,1.67470934853e-23,0.460555396508
0.103,3.94133318388e-34,1.0
0.104,0.0,0.0
0.105,0.0,0.0
0.106,0.0,0.0
0.107,0.0,0.0
0.108,0.0,0.0
0.109,0.0,0.0
0.11,0.0,0.0
detector location: SE
time bin upper bound,flux mean,flux RE
0.1,5.03356874721e-07,0.00013844145488
0.101,3.6442425201e-12,0.04713668844
0.102,6.37093846145e-24,0.816655268365
0.103,0.0,0.0
0.104,0.0,0.0
0.105,0.0,0.0
0.106,0.0,0.0
0.107,0.0,0.0
0.108,0.0,0.0
0.109,0.0,0.0
0.11,0.0,0.0
detector location: SW
time bin upper bound,flux mean,flux RE
0.1,6.07540727274e-07,0.000125758424566
0.101,4.28335235644e-12,0.0428495997134
0.102,3.10276531199e-24,0.319671693567
0.103,2.90747200112e-28,1.0
0.104,0.0,0.0
0.105,0.0,0.0
0.106,0.0,0.0
0.107,0.0,0.0
0.108,0.0,0.0
0.109,0.0,0.0
0.11,0.0,0.0
