HEU X,HEU Y,HEU Z
empty,,
detector location: NE
time bin upper bound,flux mean,flux RE
0.1,3.63484774522e-07,0.000236634760198
0.101,2.92619795338e-12,0.0726777564537
0.102,5.06574779634e-21,0.999760530368
0.103,1.25275281194e-33,1.0
0.104,0.0,0.0
0.105,0.0,0.0
0.106,0.0,0.0
0.107,0.0,0.0
0.108,0.0,0.0
0.109,0.0,0.0
0.11,0.0,0.0
detector location: NW
time bin upper bound,flux mean,flux RE
0.1,5.03338548923e-07,0.000199810680502
0.101,3.94048877307e-12,0.0669896655006
0.102,3.94078865915e-22,0.986456926803
0.103,7.96469880159e-35,1.0
0.104,0.0,0.0
0.105,0.0,0.0
0.106,0.0,0.0
0.107,0.0,0.0
0.108,0.0,0.0
0.109,0.0,0.0
0.11,0.0,0.0
detector location: CC
time bin upper bound,flux mean,flux RE
0.1,1.06249779227e-06,0.000137002455323
0.101,9.07172661825e-12,0.0416275144918
0.102,1.26004560641e-23,0.547572646978
0.103,0.0,0.0
0.104,0.0,0.0
0.105,0.0,0.0
0.106,0.0,0.0
0.107,0.0,0.0
0.108,0.0,0.0
0.109,0.0,0.0
0.11,0.0,0.0
detector location: SE
time bin upper bound,flux mean,flux RE
0.1,5.03322130758e-07,0.000199837406591
0.101,3.49520448235e-12,0.0696830811029
0.102,2.32723214376e-24,0.587777812594
0.103,0.0,0.0
0.104,0.0,0.0
0.105,0.0,0.0
0.106,0.0,0.0
0.107,0.0,0.0
0.108,0.0,0.0
0.109,0.0,0.0
0.11,0.0,0.0
detector location: SW
time bin upper bound,flux mean,flux RE
0.1,6.07469281438e-07,0.000181522017709
0.101,4.0710768661e-12,0.0623230407664
0.102,1.64520281438e-24,0.49841283472
0.103,6.05723333567e-28,1.0
0.104,0.0,0.0
0.105,0.0,0.0
0.106,0.0,0.0
0.107,0.0,0.0
0.108,0.0,0.0
0.109,0.0,0.0
0.11,0.0,0.0
