HEU X,HEU Y,HEU Z
empty,,
detector location: NE
time bin upper bound,flux mean,flux RE
0.1,3.63528467362e-07,0.000227339403252
0.101,2.86272769328e-12,0.0705269051838
0.102,4.67609923821e-21,0.999755324449
0.103,1.15638721102e-33,1.0
0.104,0.0,0.0
0.105,0.0,0.0
0.106,0.0,0.0
0.107,0.0,0.0
0.108,0.0,0.0
0.109,0.0,0.0
0.11,0.0,0.0
detector location: NW
time bin upper bound,flux mean,flux RE
0.1,5.03322318207e-07,0.000191975745268
0.101,3.84647384663e-12,0.0648574564441
0.102,3.63791129423e-22,0.986386365134
0.103,7.35202966301e-35,1.0
0.104,0.0,0.0
0.105,0.0,0.0
0.106,0.0,0.0
0.107,0.0,0.0
0.108,0.0,0.0
0.109,0.0,0.0
0.11,0.0,0.0
detector location: CC
time bin upper bound,flux mean,flux RE
0.1,1.06251886577e-06,0.000131626171454
0.101,9.08773125073e-12,0.0399609752292
0.102,1.17325656e-23,0.542859536089
0.103,7.57948689208e-34,1.0
0.104,0.0,0.0
0.105,0.0,0.0
0.106,0.0,0.0
0.107,0.0,0.0
0.108,0.0,0.0
0.109,0.0,0.0
0.11,0.0,0.0
detector location: SE
time bin upper bound,flux mean,flux RE
0.1,5.03336238321e-07,0.000191989794755
0.101,3.46965244464e-12,0.0668252848862
0.102,2.16949285201e-24,0.582034533155
0.103,0.0,0.0
0.104,0.0,0.0
0.105,0.0,0.0
0.106,0.0,0.0
0.107,0.0,0.0
0.108,0.0,0.0
0.109,0.0,0.0
0.11,0.0,0.0
detector location: SW
time bin upper bound,flux mean,flux RE
0.1,6.07487237898e-07,0.000174399902325
0.101,4.11770321598e-12,0.0599981134075
0.102,2.33358349269e-24,0.473559922862
0.103,5.59129230985e-28,1.0
0.104,0.0,0.0
0.105,0.0,0.0
0.106,0.0,0.0
0.107,0.0,0.0
0.108,0.0,0.0
0.109,0.0,0.0
0.11,0.0,0.0
