HEU X,HEU Y,HEU Z
empty,,
detector location: NE
time bin upper bound,flux mean,flux RE
0.1,3.63475567196e-07,0.00013297324782
0.101,3.02371222733e-12,0.041433721807
0.102,1.60516480984e-21,0.996365291524
0.103,3.95606151139e-34,1.0
0.104,0.0,0.0
0.105,0.0,0.0
0.106,0.0,0.0
0.107,0.0,0.0
0.108,0.0,0.0
0.109,0.0,0.0
0.11,0.0,0.0
detector location: NW
time bin upper bound,flux mean,flux RE
0.1,5.03347397194e-07,0.000112288206117
0.101,3.54986941429e-12,0.0383939786733
0.102,1.25543277485e-22,0.977840378167
0.103,2.51516804261e-35,1.0
0.104,0.0,0.0
0.105,0.0,0.0
0.106,0.0,0.0
0.107,0.0,0.0
0.108,0.0,0.0
0.109,0.0,0.0
0.11,0.0,0.0
detector location: CC
time bin upper bound,flux mean,flux RE
0.1,1.06239110897e-06,7.69911823445e-05
0.101,9.11767044017e-12,0.0231877740351
0.102,1.25872120497e-23,0.40484403607
0.103,8.1618787606e-33,0.967768731873
0.104,0.0,0.0
0.105,0.0,0.0
0.106,0.0,0.0
0.107,0.0,0.0
0.108,0.0,0.0
0.109,0.0,0.0
0.11,0.0,0.0
detector location: SE
time bin upper bound,flux mean,flux RE
0.1,5.03335065317e-07,0.000112295737151
0.101,3.67468947045e-12,0.0378158910474
0.102,7.19353170459e-24,0.581105463453
0.103,0.0,0.0
0.104,0.0,0.0
0.105,0.0,0.0
0.106,0.0,0.0
0.107,0.0,0.0
0.108,0.0,0.0
0.109,0.0,0.0
0.11,0.0,0.0
detector location: SW
time bin upper bound,flux mean,flux RE
0.1,6.07571622404e-07,0.000102002119591
0.101,4.25226944062e-12,0.0348325073731
0.102,1.4345009949e-23,0.797415295376
0.103,1.91281052705e-28,1.0
0.104,0.0,0.0
0.105,0.0,0.0
0.106,0.0,0.0
0.107,0.0,0.0
0.108,0.0,0.0
0.109,0.0,0.0
0.11,0.0,0.0
