HEU X,HEU Y,HEU Z
empty,,
detector location: NE
time bin upper bound,flux mean,flux RE
0.1,3.63479961983e-07,0.000117098424494
0.101,3.01591554117e-12,0.0367269901263
0.102,1.24854316844e-21,0.993397693135
0.103,8.15356433035e-34,0.728434446988
0.104,0.0,0.0
0.105,0.0,0.0
0.106,0.0,0.0
0.107,0.0,0.0
0.108,0.0,0.0
0.109,0.0,0.0
0.11,0.0,0.0
detector location: NW
time bin upper bound,flux mean,flux RE
0.1,5.03422348651e-07,9.88790743121e-05
0.101,3.663285862e-12,0.0332230459171
0.102,9.82211149771e-23,0.969289599583
0.103,1.95053848202e-35,1.0
0.104,0.0,0.0
0.105,0.0,0.0
0.106,0.0,0.0
0.107,0.0,0.0
0.108,0.0,0.0
0.109,0.0,0.0
0.11,0.0,0.0
detector location: CC
time bin upper bound,flux mean,flux RE
0.1,1.06243457665e-06,6.77998573544e-05
0.101,9.10808064856e-12,0.0204027833394
0.102,6.16792215658e-22,0.971598801833
0.103,6.32962026332e-33,0.967768731873
0.104,0.0,0.0
0.105,0.0,0.0
0.106,0.0,0.0
0.107,0.0,0.0
0.108,0.0,0.0
0.109,0.0,0.0
0.11,0.0,0.0
detector location: SE
time bin upper bound,flux mean,flux RE
0.1,5.03353821152e-07,9.88881039023e-05
0.101,3.71451268839e-12,0.0329312366244
0.102,9.10211936564e-24,0.44001910589
0.103,0.0,0.0
0.104,0.0,0.0
0.105,0.0,0.0
0.106,0.0,0.0
0.107,0.0,0.0
0.108,0.0,0.0
0.109,0.0,0.0
0.11,0.0,0.0
detector location: SW
time bin upper bound,flux mean,flux RE
0.1,6.07547247341e-07,8.98275367742e-05
0.101,4.16583781046e-12,0.0308887394542
0.102,1.13995618624e-23,0.778275365448
0.103,1.51127857228e-28,0.981728967519
0.104,0.0,0.0
0.105,0.0,0.0
0.106,0.0,0.0
0.107,0.0,0.0
0.108,0.0,0.0
0.109,0.0,0.0
0.11,0.0,0.0
