HEU X,HEU Y,HEU Z
empty,,
detector location: NE
time bin upper bound,flux mean,flux RE
0.1,3.63478599352e-07,0.000140579882202
0.101,3.01164550235e-12,0.0437772828142
0.102,1.79390675353e-21,0.996421374305
0.103,4.42148051273e-34,1.0
0.104,0.0,0.0
0.105,0.0,0.0
0.106,0.0,0.0
0.107,0.0,0.0
0.108,0.0,0.0
0.109,0.0,0.0
0.11,0.0,0.0
detector location: NW
time bin upper bound,flux mean,flux RE
0.1,5.03355711019e-07,0.000118709340277
0.101,3.55575270664e-12,0.0407329936337
0.102,1.40010357202e-22,0.979953545354
0.103,2.81107016527e-35,1.0
0.104,0.0,0.0
0.105,0.0,0.0
0.106,0.0,0.0
0.107,0.0,0.0
0.108,0.0,0.0
0.109,0.0,0.0
0.11,0.0,0.0
detector location: CC
time bin upper bound,flux mean,flux RE
0.1,1.06238849799e-06,8.1394373556e-05
0.101,9.04708973349e-12,0.0246243170114
0.102,1.33384338759e-23,0.426080083331
0.103,9.12209979126e-33,0.967768731873
0.104,0.0,0.0
0.105,0.0,0.0
0.106,0.0,0.0
0.107,0.0,0.0
0.108,0.0,0.0
0.109,0.0,0.0
0.11,0.0,0.0
detector location: SE
time bin upper bound,flux mean,flux RE
0.1,5.03338754173e-07,0.000118716430216
0.101,3.67099487636e-12,0.039962732493
0.102,7.64514940852e-24,0.609518629962
0.103,0.0,0.0
0.104,0.0,0.0
0.105,0.0,0.0
0.106,0.0,0.0
0.107,0.0,0.0
0.108,0.0,0.0
0.109,0.0,0.0
0.11,0.0,0.0
detector location: SW
time bin upper bound,flux mean,flux RE
0.1,6.07616476886e-07,0.000107832277142
0.101,4.23338850931e-12,0.0368899478062
0.102,1.52973218859e-23,0.834770001179
0.103,2.13784705965e-28,1.0
0.104,0.0,0.0
0.105,0.0,0.0
0.106,0.0,0.0
0.107,0.0,0.0
0.108,0.0,0.0
0.109,0.0,0.0
0.11,0.0,0.0
