HEU X,HEU Y,HEU Z
empty,,
detector location: NE
time bin upper bound,flux mean,flux RE
0.1,3.6345323718e-07,0.000819502288572
0.101,1.75424617426e-12,0.300790611783
0.102,4.92803179816e-24,0.861025432049
0.103,0.0,0.0
0.104,0.0,0.0
0.105,0.0,0.0
0.106,0.0,0.0
0.107,0.0,0.0
0.108,0.0,0.0
0.109,0.0,0.0
0.11,0.0,0.0
detector location: NW
time bin upper bound,flux mean,flux RE
0.1,5.0299898105e-07,0.000692419893106
0.101,4.22622901523e-12,0.226233293615
0.102,1.25750052845e-23,0.737035535456
0.103,0.0,0.0
0.104,0.0,0.0
0.105,0.0,0.0
0.106,0.0,0.0
0.107,0.0,0.0
0.108,0.0,0.0
0.109,0.0,0.0
0.11,0.0,0.0
detector location: CC
time bin upper bound,flux mean,flux RE
0.1,1.06219027912e-06,0.000474687318655
0.101,8.38114451293e-12,0.14856703308
0.102,8.30888147236e-23,0.944055618061
0.103,0.0,0.0
0.104,0.0,0.0
0.105,0.0,0.0
0.106,0.0,0.0
0.107,0.0,0.0
0.108,0.0,0.0
0.109,0.0,0.0
0.11,0.0,0.0
detector location: SE
time bin upper bound,flux mean,flux RE
0.1,5.02953085002e-07,0.000692370040121
0.101,2.89929916984e-12,0.268197906634
0.102,1.58591863131e-23,0.987579580003
0.103,0.0,0.0
0.104,0.0,0.0
0.105,0.0,0.0
0.106,0.0,0.0
0.107,0.0,0.0
0.108,0.0,0.0
0.109,0.0,0.0
0.11,0.0,0.0
detector location: SW
time bin upper bound,flux mean,flux RE
0.1,6.08182462359e-07,0.000628500409055
0.101,3.71801518356e-12,0.224493115682
0.102,1.46448696951e-24,0.531236730122
0.103,0.0,0.0
0.104,0.0,0.0
0.105,0.0,0.0
0.106,0.0,0.0
0.107,0.0,0.0
0.108,0.0,0.0
0.109,0.0,0.0
0.11,0.0,0.0
