HEU X,HEU Y,HEU Z
empty,,
detector location: NE
time bin upper bound,flux mean,flux RE
0.1,3.63485061272e-07,0.000167328572174
0.101,2.98917414493e-12,0.0524730582247
0.102,2.53893559389e-21,0.997375782973
0.103,6.2637640597e-34,1.0
0.104,0.0,0.0
0.105,0.0,0.0
0.106,0.0,0.0
0.107,0.0,0.0
0.108,0.0,0.0
0.109,0.0,0.0
0.11,0.0,0.0
detector location: NW
time bin upper bound,flux mean,flux RE
0.1,5.03381910933e-07,0.000141287832952
0.101,3.72273144103e-12,0.0478288418737
0.102,1.97451043171e-22,0.984400733793
0.103,3.98234940079e-35,1.0
0.104,0.0,0.0
0.105,0.0,0.0
0.106,0.0,0.0
0.107,0.0,0.0
0.108,0.0,0.0
0.109,0.0,0.0
0.11,0.0,0.0
detector location: CC
time bin upper bound,flux mean,flux RE
0.1,1.06235990448e-06,9.68796970929e-05
0.101,8.97846551009e-12,0.0293321481906
0.102,1.51538685545e-23,0.509440522931
0.103,4.10555539987e-34,1.0
0.104,0.0,0.0
0.105,0.0,0.0
0.106,0.0,0.0
0.107,0.0,0.0
0.108,0.0,0.0
0.109,0.0,0.0
0.11,0.0,0.0
detector location: SE
time bin upper bound,flux mean,flux RE
0.1,5.03350829735e-07,0.000141296915395
0.101,3.57709398964e-12,0.0483696369793
0.102,6.60834545911e-24,0.820113237242
0.103,0.0,0.0
0.104,0.0,0.0
0.105,0.0,0.0
0.106,0.0,0.0
0.107,0.0,0.0
0.108,0.0,0.0
0.109,0.0,0.0
0.11,0.0,0.0
detector location: SW
time bin upper bound,flux mean,flux RE
0.1,6.07540895927e-07,0.000128351678753
0.101,4.21413917591e-12,0.0437058990256
0.102,3.20799622876e-24,0.322043998147
0.103,3.02861666783e-28,1.0
0.104,0.0,0.0
0.105,0.0,0.0
0.106,0.0,0.0
0.107,0.0,0.0
0.108,0.0,0.0
0.109,0.0,0.0
0.11,0.0,0.0
