HEU X,HEU Y,HEU Z
empty,,
detector location: NE
time bin upper bound,flux mean,flux RE
0.1,3.63489399792e-07,0.000110524605791
0.101,3.03679777865e-12,0.0345028384032
0.102,1.11529909963e-21,0.990762318843
0.103,7.26408458523e-34,0.728434446988
0.104,0.0,0.0
0.105,0.0,0.0
0.106,0.0,0.0
0.107,0.0,0.0
0.108,0.0,0.0
0.109,0.0,0.0
0.11,0.0,0.0
detector location: NW
time bin upper bound,flux mean,flux RE
0.1,5.03397848168e-07,9.33311401594e-05
0.101,3.68633558845e-12,0.0314489586992
0.102,1.10212146769e-22,0.793932200651
0.103,1.7377524658e-35,1.0
0.104,0.0,0.0
0.105,0.0,0.0
0.106,0.0,0.0
0.107,0.0,0.0
0.108,0.0,0.0
0.109,0.0,0.0
0.11,0.0,0.0
detector location: CC
time bin upper bound,flux mean,flux RE
0.1,1.06244361406e-06,6.39945060562e-05
0.101,9.12883533052e-12,0.0193203441366
0.102,5.50101384856e-22,0.970547053283
0.103,5.6405475299e-33,0.96752319274
0.104,0.0,0.0
0.105,0.0,0.0
0.106,0.0,0.0
0.107,0.0,0.0
0.108,0.0,0.0
0.109,0.0,0.0
0.11,0.0,0.0
detector location: SE
time bin upper bound,flux mean,flux RE
0.1,5.03342368615e-07,9.3338712519e-05
0.101,3.72678054796e-12,0.0310855384363
0.102,1.03401935167e-23,0.391108174372
0.103,0.0,0.0
0.104,0.0,0.0
0.105,0.0,0.0
0.106,0.0,0.0
0.107,0.0,0.0
0.108,0.0,0.0
0.109,0.0,0.0
0.11,0.0,0.0
detector location: SW
time bin upper bound,flux mean,flux RE
0.1,6.07520087709e-07,8.47876077821e-05
0.101,4.20773736193e-12,0.0289721053861
0.102,1.02246811155e-23,0.773049123667
0.103,1.34641181894e-28,0.981728967519
0.104,0.0,0.0
0.105,0.0,0.0
0.106,0.0,0.0
0.107,0.0,0.0
0.108,0.0,0.0
0.109,0.0,0.0
0.11,0.0,0.0
