HEU X,HEU Y,HEU Z
empty,,
detector location: NE
time bin upper bound,flux mean,flux RE
0.1,3.63480336209e-07,0.000129604931711
0.101,3.0298732602e-12,0.0404584924782
0.102,1.52494191734e-21,0.996342196022
0.103,9.98811630468e-34,0.728434446988
0.104,0.0,0.0
0.105,0.0,0.0
0.106,0.0,0.0
0.107,0.0,0.0
0.108,0.0,0.0
0.109,0.0,0.0
0.11,0.0,0.0
detector location: NW
time bin upper bound,flux mean,flux RE
0.1,5.03353126268e-07,0.000109444346396
0.101,3.60616739083e-12,0.0371189904969
0.102,1.19277725999e-22,0.977745181122
0.103,2.38940964048e-35,1.0
0.104,0.0,0.0
0.105,0.0,0.0
0.106,0.0,0.0
0.107,0.0,0.0
0.108,0.0,0.0
0.109,0.0,0.0
0.11,0.0,0.0
detector location: CC
time bin upper bound,flux mean,flux RE
0.1,1.06241027162e-06,7.50410828594e-05
0.101,9.08163589664e-12,0.0226068931087
0.102,1.22496274987e-23,0.395406759636
0.103,7.75378482257e-33,0.967768731873
0.104,0.0,0.0
0.105,0.0,0.0
0.106,0.0,0.0
0.107,0.0,0.0
0.108,0.0,0.0
0.109,0.0,0.0
0.11,0.0,0.0
detector location: SE
time bin upper bound,flux mean,flux RE
0.1,5.03336660129e-07,0.0001094525217
0.101,3.67894621047e-12,0.0366812043969
0.102,6.87405634588e-24,0.577720782716
0.103,0.0,0.0
0.104,0.0,0.0
0.105,0.0,0.0
0.106,0.0,0.0
0.107,0.0,0.0
0.108,0.0,0.0
0.109,0.0,0.0
0.11,0.0,0.0
detector location: SW
time bin upper bound,flux mean,flux RE
0.1,6.07572929795e-07,9.94194361415e-05
0.101,4.2703871111e-12,0.0338770889817
0.102,1.36398046583e-23,0.796711293753
0.103,1.85131625104e-28,0.981728967519
0.104,0.0,0.0
0.105,0.0,0.0
0.106,0.0,0.0
0.107,0.0,0.0
0.108,0.0,0.0
0.109,0.0,0.0
0.11,0.0,0.0
