HEU X,HEU Y,HEU Z
0,0,0
time bin upper bound,flux mean,flux RE
0.1,3.9573875679e-07,0.000550268640368
0.101,2.93454060106e-12,0.17091895714
0.102,6.5460981063e-13,0.386891752196
0.103,5.8242178854e-13,0.393712780334
0.104,1.65417364126e-13,0.555747287842
0.105,4.94269721103e-13,0.43956441263
0.106,1.85992125633e-13,0.581343838864
0.107,6.38514542982e-13,0.417780635152
0.108,6.52087051975e-13,0.336640687332
0.109,5.02269755318e-13,0.392388963259
0.11,3.92190801295e-13,0.462174789072
